/*
SQLyog ä¼ä¸šç‰ˆ - MySQL GUI v8.14 
MySQL - 5.6.23-enterprise-commercial-advanced-log : Database - ccoa
*********************************************************************
*/

/*!40101 SET NAMES utf8 */;

/*!40101 SET SQL_MODE=''*/;

/*!40014 SET @OLD_UNIQUE_CHECKS=@@UNIQUE_CHECKS, UNIQUE_CHECKS=0 */;
/*!40014 SET @OLD_FOREIGN_KEY_CHECKS=@@FOREIGN_KEY_CHECKS, FOREIGN_KEY_CHECKS=0 */;
/*!40101 SET @OLD_SQL_MODE=@@SQL_MODE, SQL_MODE='NO_AUTO_VALUE_ON_ZERO' */;
/*!40111 SET @OLD_SQL_NOTES=@@SQL_NOTES, SQL_NOTES=0 */;
CREATE DATABASE /*!32312 IF NOT EXISTS*/`ccoa` /*!40100 DEFAULT CHARACTER SET utf8 */;

USE `ccoa`;

/*Table structure for table `admin` */

DROP TABLE IF EXISTS `admin`;

CREATE TABLE `admin` (
  `id` int(11) NOT NULL AUTO_INCREMENT,
  `AdminName` varchar(50) CHARACTER SET utf8 DEFAULT NULL COMMENT 'ç®¡ç†å‘˜è´¦å·',
  `AdminPassword` varchar(50) CHARACTER SET utf8 DEFAULT NULL COMMENT 'ç®¡ç†å‘˜å¯†ç ',
  `MobilePhone` varchar(50) CHARACTER SET utf8 DEFAULT NULL COMMENT 'æ‰‹æœº',
  `OfficePhone` varchar(50) CHARACTER SET utf8 DEFAULT NULL COMMENT 'åŠå…¬å®¤ç”µè¯',
  PRIMARY KEY (`id`)
) ENGINE=InnoDB AUTO_INCREMENT=4 DEFAULT CHARSET=latin1;

/*Data for the table `admin` */

insert  into `admin`(`id`,`AdminName`,`AdminPassword`,`MobilePhone`,`OfficePhone`) values (1,'yun','e10adc3949ba59abbe56e057f20f883e','18774017700','88473823'),(2,'fdas','e10adc3949ba59abbe56e057f20f883e','18724017700','345555'),(3,'sdfa','e10adc3949ba59abbe56e057f20f883e','18724017700','345555');

/*Table structure for table `company` */

DROP TABLE IF EXISTS `company`;

CREATE TABLE `company` (
  `id` int(11) unsigned NOT NULL AUTO_INCREMENT COMMENT 'å…¬å¸ID',
  `Username` varchar(50) CHARACTER SET utf8 DEFAULT NULL COMMENT 'ç”¨æˆ·å',
  `Password` varchar(50) CHARACTER SET utf8 DEFAULT NULL COMMENT 'ç”¨æˆ·å¯†ç ',
  `LinkmanName` varchar(50) CHARACTER SET utf8 DEFAULT NULL COMMENT 'è”ç³»äººå§“å',
  `LinkmanPhone` varchar(11) CHARACTER SET utf8 DEFAULT NULL COMMENT 'è”ç³»äººæ‰‹æœº',
  `Email` varchar(100) CHARACTER SET utf8 DEFAULT NULL COMMENT 'ç”µå­é‚®ä»¶',
  `CompanyName` varchar(300) CHARACTER SET utf8 DEFAULT NULL COMMENT 'å•ä½åç§°',
  `CompanyAddress` varchar(300) CHARACTER SET utf8 DEFAULT NULL COMMENT 'å•ä½åœ°å€',
  `ZipCode` varchar(50) CHARACTER SET utf8 DEFAULT NULL COMMENT 'å•ä½é‚®ç¼–',
  `CompanyPhone` varchar(50) CHARACTER SET utf8 DEFAULT NULL COMMENT 'å•ä½ç”µè¯',
  `CompanyFax` varchar(50) CHARACTER SET utf8 DEFAULT NULL,
  `IsMember` int(1) DEFAULT NULL COMMENT 'æ˜¯å¦ä¼šå‘˜(1ä¸ºä¼šå‘˜ï¼Œ0ä¸ºéä¼šå‘˜)',
  `MemberCode` varchar(300) CHARACTER SET utf8 DEFAULT NULL COMMENT 'ä¼šå‘˜å·',
  `Note` text CHARACTER SET utf8,
  `AccountType` int(50) DEFAULT NULL COMMENT 'è´¦å·ç±»åˆ«(0ä¸ºæ™®é€šè´¦å·,1ä¸ºæ¨èè´¦å·)',
  `LoginTime` datetime DEFAULT NULL COMMENT 'æœ€åç™»é™†æ—¶é—´',
  PRIMARY KEY (`id`)
) ENGINE=InnoDB AUTO_INCREMENT=119 DEFAULT CHARSET=latin1;

/*Data for the table `company` */

insert  into `company`(`id`,`Username`,`Password`,`LinkmanName`,`LinkmanPhone`,`Email`,`CompanyName`,`CompanyAddress`,`ZipCode`,`CompanyPhone`,`CompanyFax`,`IsMember`,`MemberCode`,`Note`,`AccountType`,`LoginTime`) values (1,'leilufeng','e10adc3949ba59abbe56e057f20f883e','leilufeng','leilufeng','leilufeng','è®¯å¾—111','leilufeng','leilufeng','leilufeng','leilufeng',1,'leilufeng','leilufeng',1,NULL),(2,'eea','922aa8292277aac1bd8b88d476997512','eea','eea','eea','eea','eea','eea','eea','eea',1,NULL,'eea',0,NULL),(3,'eea12','49e443fe5918ec60381eaefae5fcda5b','eea2','eea2','eea2','eea2','eea2','eea2','eea2','eea2',1,'eea2','eea2',0,NULL),(4,'eea132','49e443fe5918ec60381eaefae5fcda5b','eea2','eea2','eea2','eea2','eea2','eea2','eea2','eea2',1,NULL,'eea2',0,NULL),(5,'asdf','7b064dad507c266a161ffc73c53dcdc5','asf','afd','asdf','å½©åˆ©','afd','afds','af','asf',1,'adf','af',0,NULL),(6,'asdf11','100edd17d15056cc21411d095d123138','asf','afd','asdf','å½©åˆ©','afd','afds','af','asf',1,'adf','af',0,NULL),(7,'asdf12','100edd17d15056cc21411d095d123138','asf','afd','asdf','å½©åˆ©','afd','afds','af','asf',1,NULL,'af',0,NULL),(8,'asdf13','100edd17d15056cc21411d095d123138','asf','afd','asdf','å½©åˆ©','afd','afds','af','asf',1,NULL,'af',0,NULL),(9,'eea122323','bc474a632bba14cfd321e7918a008a93','eea2','eea2','eea2','eea2','eea244444','eea2','eea2','eea2',0,NULL,'eea2',0,NULL),(10,'test','098f6bcd4621d373cade4e832627b4f6','test','test','test','test','test','test','test','test',1,'test','test',0,NULL),(11,'t1','e10adc3949ba59abbe56e057f20f883e','t1ln','t1lp','t1e','t1cn','t1ca','t1zc','t1cp','t1cf',0,'t1',NULL,0,NULL),(22,'t12','a461d688d013e47c4010387e7922940d',NULL,NULL,NULL,'å½©åˆ©',NULL,NULL,NULL,NULL,1,NULL,'yeah',0,NULL),(23,'t13',NULL,NULL,NULL,NULL,'å½©åˆ©',NULL,NULL,NULL,NULL,0,NULL,'nononodsaasdsdaasd11111',NULL,NULL),(24,'t14',NULL,NULL,NULL,NULL,'å½©åˆ©',NULL,NULL,NULL,NULL,1,NULL,'dsaasdasd121212',NULL,NULL),(25,'t115',NULL,NULL,NULL,NULL,'å½©åˆ©',NULL,NULL,NULL,NULL,1,NULL,'sdf',NULL,NULL),(26,'t116',NULL,NULL,NULL,NULL,NULL,NULL,NULL,NULL,NULL,NULL,NULL,NULL,NULL,NULL),(27,'t116',NULL,NULL,NULL,NULL,'å½©åˆ©',NULL,NULL,NULL,NULL,NULL,NULL,NULL,NULL,NULL),(28,'t116',NULL,NULL,NULL,NULL,NULL,NULL,NULL,NULL,NULL,0,NULL,'ds',NULL,NULL),(29,'t116',NULL,NULL,NULL,NULL,NULL,NULL,NULL,NULL,NULL,NULL,NULL,NULL,NULL,NULL),(30,'t116',NULL,NULL,NULL,NULL,NULL,NULL,NULL,NULL,NULL,NULL,NULL,NULL,NULL,NULL),(31,'t116',NULL,NULL,NULL,NULL,NULL,NULL,NULL,NULL,NULL,NULL,NULL,NULL,NULL,NULL),(32,'t116',NULL,NULL,NULL,NULL,NULL,NULL,NULL,NULL,NULL,NULL,NULL,NULL,NULL,NULL),(33,'t116',NULL,NULL,NULL,NULL,NULL,NULL,NULL,NULL,NULL,NULL,NULL,NULL,NULL,NULL),(34,'t116',NULL,NULL,NULL,NULL,NULL,NULL,NULL,NULL,NULL,NULL,NULL,NULL,NULL,NULL),(35,'t116',NULL,NULL,NULL,NULL,NULL,NULL,NULL,NULL,NULL,NULL,NULL,NULL,NULL,NULL),(36,'t116',NULL,NULL,NULL,NULL,NULL,NULL,NULL,NULL,NULL,NULL,NULL,NULL,NULL,NULL),(37,'t116',NULL,NULL,NULL,NULL,NULL,NULL,NULL,NULL,NULL,NULL,NULL,NULL,NULL,NULL),(38,'t116',NULL,NULL,NULL,NULL,NULL,NULL,NULL,NULL,NULL,NULL,NULL,NULL,NULL,NULL),(39,'t116',NULL,NULL,NULL,NULL,NULL,NULL,NULL,NULL,NULL,NULL,NULL,NULL,NULL,NULL),(40,'t116',NULL,NULL,NULL,NULL,NULL,NULL,NULL,NULL,NULL,NULL,NULL,NULL,NULL,NULL),(41,'t116',NULL,NULL,NULL,NULL,NULL,NULL,NULL,NULL,NULL,NULL,NULL,NULL,NULL,NULL),(42,'t116',NULL,NULL,NULL,NULL,NULL,NULL,NULL,NULL,NULL,NULL,NULL,NULL,NULL,NULL),(43,'t116',NULL,NULL,NULL,NULL,NULL,NULL,NULL,NULL,NULL,NULL,NULL,NULL,NULL,NULL),(44,'t116',NULL,NULL,NULL,NULL,NULL,NULL,NULL,NULL,NULL,NULL,NULL,NULL,NULL,NULL),(45,'t116',NULL,NULL,NULL,NULL,NULL,NULL,NULL,NULL,NULL,NULL,NULL,NULL,NULL,NULL),(46,'t116',NULL,NULL,NULL,NULL,NULL,NULL,NULL,NULL,NULL,NULL,NULL,NULL,NULL,NULL),(47,'t116',NULL,NULL,NULL,NULL,NULL,NULL,NULL,NULL,NULL,NULL,NULL,NULL,NULL,NULL),(48,'t116',NULL,NULL,NULL,NULL,NULL,NULL,NULL,NULL,NULL,NULL,NULL,NULL,NULL,NULL),(49,'t116',NULL,NULL,NULL,NULL,NULL,NULL,NULL,NULL,NULL,NULL,NULL,NULL,NULL,NULL),(50,'t116',NULL,NULL,NULL,NULL,NULL,NULL,NULL,NULL,NULL,NULL,NULL,NULL,NULL,NULL),(51,'t116',NULL,NULL,NULL,NULL,NULL,NULL,NULL,NULL,NULL,NULL,NULL,NULL,NULL,NULL),(52,'t116',NULL,NULL,NULL,NULL,NULL,NULL,NULL,NULL,NULL,NULL,NULL,NULL,NULL,NULL),(53,NULL,NULL,NULL,NULL,NULL,NULL,NULL,NULL,NULL,NULL,NULL,NULL,NULL,NULL,NULL),(54,'t116',NULL,NULL,NULL,NULL,NULL,NULL,NULL,NULL,NULL,NULL,NULL,NULL,NULL,NULL),(55,'t116',NULL,NULL,NULL,NULL,NULL,NULL,NULL,NULL,NULL,NULL,NULL,NULL,NULL,NULL),(56,'t116',NULL,NULL,NULL,NULL,NULL,NULL,NULL,NULL,NULL,NULL,NULL,NULL,NULL,NULL),(57,'t116',NULL,NULL,NULL,NULL,NULL,NULL,NULL,NULL,NULL,NULL,NULL,NULL,NULL,NULL),(58,'t116',NULL,NULL,NULL,NULL,NULL,NULL,NULL,NULL,NULL,NULL,NULL,NULL,NULL,NULL),(59,'t116',NULL,NULL,NULL,NULL,NULL,NULL,NULL,NULL,NULL,NULL,NULL,NULL,NULL,NULL),(60,'t116',NULL,NULL,NULL,NULL,NULL,NULL,NULL,NULL,NULL,NULL,NULL,NULL,NULL,NULL),(61,'t116',NULL,NULL,NULL,NULL,NULL,NULL,NULL,NULL,NULL,NULL,NULL,NULL,NULL,NULL),(62,'t116',NULL,NULL,NULL,NULL,NULL,NULL,NULL,NULL,NULL,NULL,NULL,NULL,NULL,NULL),(63,'t116',NULL,NULL,NULL,NULL,NULL,NULL,NULL,NULL,NULL,NULL,NULL,NULL,NULL,NULL),(64,'t116',NULL,NULL,NULL,NULL,NULL,NULL,NULL,NULL,NULL,NULL,NULL,NULL,NULL,NULL),(65,'t116',NULL,NULL,NULL,NULL,NULL,NULL,NULL,NULL,NULL,NULL,NULL,NULL,NULL,NULL),(66,'t116',NULL,NULL,NULL,NULL,NULL,NULL,NULL,NULL,NULL,NULL,NULL,NULL,NULL,NULL),(67,'t116',NULL,NULL,NULL,NULL,NULL,NULL,NULL,NULL,NULL,NULL,NULL,NULL,NULL,NULL),(68,'t116',NULL,NULL,NULL,NULL,NULL,NULL,NULL,NULL,NULL,NULL,NULL,NULL,NULL,NULL),(69,'t116',NULL,NULL,NULL,NULL,NULL,NULL,NULL,NULL,NULL,NULL,NULL,NULL,NULL,NULL),(70,'t116',NULL,NULL,NULL,NULL,NULL,NULL,NULL,NULL,NULL,NULL,NULL,NULL,NULL,NULL),(71,'t116',NULL,NULL,NULL,NULL,NULL,NULL,NULL,NULL,NULL,NULL,NULL,NULL,NULL,NULL),(72,'t116',NULL,NULL,NULL,NULL,NULL,NULL,NULL,NULL,NULL,NULL,NULL,NULL,NULL,NULL),(73,'t116',NULL,NULL,NULL,NULL,NULL,NULL,NULL,NULL,NULL,NULL,NULL,NULL,NULL,NULL),(74,'t116',NULL,NULL,NULL,NULL,NULL,NULL,NULL,NULL,NULL,NULL,NULL,NULL,NULL,NULL),(75,'t116',NULL,NULL,NULL,NULL,NULL,NULL,NULL,NULL,NULL,NULL,NULL,NULL,NULL,NULL),(76,'t116',NULL,NULL,NULL,NULL,NULL,NULL,NULL,NULL,NULL,NULL,NULL,NULL,NULL,NULL),(77,'t116',NULL,NULL,NULL,NULL,NULL,NULL,NULL,NULL,NULL,NULL,NULL,NULL,NULL,NULL),(78,'t116',NULL,NULL,NULL,NULL,NULL,NULL,NULL,NULL,NULL,NULL,NULL,NULL,NULL,NULL),(79,'t116',NULL,NULL,NULL,NULL,NULL,NULL,NULL,NULL,NULL,NULL,NULL,NULL,NULL,NULL),(80,'t116',NULL,NULL,NULL,NULL,NULL,NULL,NULL,NULL,NULL,NULL,NULL,NULL,NULL,NULL),(81,'t116',NULL,NULL,NULL,NULL,NULL,NULL,NULL,NULL,NULL,NULL,NULL,NULL,NULL,NULL),(82,'t116',NULL,NULL,NULL,NULL,NULL,NULL,NULL,NULL,NULL,NULL,NULL,NULL,NULL,NULL),(83,'t116',NULL,NULL,NULL,NULL,NULL,NULL,NULL,NULL,NULL,NULL,NULL,NULL,NULL,NULL),(84,'t116',NULL,NULL,NULL,NULL,NULL,NULL,NULL,NULL,NULL,NULL,NULL,NULL,NULL,NULL),(85,'t116',NULL,NULL,NULL,NULL,NULL,NULL,NULL,NULL,NULL,NULL,NULL,NULL,NULL,NULL),(86,'t116',NULL,NULL,NULL,NULL,NULL,NULL,NULL,NULL,NULL,NULL,NULL,NULL,NULL,NULL),(87,'t116',NULL,NULL,NULL,NULL,NULL,NULL,NULL,NULL,NULL,NULL,NULL,NULL,NULL,NULL),(88,'t116',NULL,NULL,NULL,NULL,NULL,NULL,NULL,NULL,NULL,NULL,NULL,NULL,NULL,NULL),(89,'t116',NULL,NULL,NULL,NULL,NULL,NULL,NULL,NULL,NULL,NULL,NULL,NULL,NULL,NULL),(90,'t116',NULL,NULL,NULL,NULL,NULL,NULL,NULL,NULL,NULL,NULL,NULL,NULL,NULL,NULL),(91,'t116',NULL,NULL,NULL,NULL,NULL,NULL,NULL,NULL,NULL,NULL,NULL,NULL,NULL,NULL),(92,'t116',NULL,NULL,NULL,NULL,NULL,NULL,NULL,NULL,NULL,NULL,NULL,NULL,NULL,NULL),(93,'t116',NULL,NULL,NULL,NULL,NULL,NULL,NULL,NULL,NULL,NULL,NULL,NULL,NULL,NULL),(94,'t116',NULL,NULL,NULL,NULL,NULL,NULL,NULL,NULL,NULL,NULL,NULL,NULL,NULL,NULL),(95,'t116',NULL,NULL,NULL,NULL,NULL,NULL,NULL,NULL,NULL,NULL,NULL,NULL,NULL,NULL),(96,'t116',NULL,NULL,NULL,NULL,NULL,NULL,NULL,NULL,NULL,NULL,NULL,NULL,NULL,NULL),(97,'t116',NULL,NULL,NULL,NULL,NULL,NULL,NULL,NULL,NULL,NULL,NULL,NULL,NULL,NULL),(98,'t116',NULL,NULL,NULL,NULL,NULL,NULL,NULL,NULL,NULL,NULL,NULL,NULL,NULL,NULL),(99,'t116',NULL,NULL,NULL,NULL,NULL,NULL,NULL,NULL,NULL,NULL,NULL,NULL,NULL,NULL),(100,'t116',NULL,NULL,NULL,NULL,NULL,NULL,NULL,NULL,NULL,NULL,NULL,NULL,NULL,NULL),(101,'t116',NULL,NULL,NULL,NULL,NULL,NULL,NULL,NULL,NULL,NULL,NULL,NULL,NULL,NULL),(102,'t116',NULL,NULL,NULL,NULL,NULL,NULL,NULL,NULL,NULL,NULL,NULL,NULL,NULL,NULL),(103,'t116',NULL,NULL,NULL,NULL,NULL,NULL,NULL,NULL,NULL,NULL,NULL,NULL,NULL,NULL),(104,'t116',NULL,NULL,NULL,NULL,NULL,NULL,NULL,NULL,NULL,NULL,NULL,NULL,NULL,NULL),(105,NULL,NULL,NULL,NULL,NULL,NULL,NULL,NULL,NULL,NULL,NULL,NULL,NULL,NULL,NULL),(106,NULL,NULL,NULL,NULL,NULL,'fsdafsd','afds','sdaf','123123312',NULL,NULL,NULL,NULL,NULL,NULL),(107,'test1','test1','test1linkname','312123','test1email','test1','test1ad','test1zipcod','1847017017','12312',NULL,NULL,NULL,0,NULL),(108,NULL,NULL,NULL,NULL,NULL,NULL,NULL,NULL,NULL,NULL,NULL,NULL,NULL,NULL,NULL),(109,'fsd','fsd','fasd','123231','fsd','fasdfd','af','fsa','32123','123',NULL,NULL,NULL,0,NULL),(110,'fsd','fsd','fasd','123231','fsd','fasdfd','af','fsa','32123','123',NULL,NULL,NULL,0,NULL),(111,'dfs','dfs','dfs','3123','dfs','dfs','sdf','123','312','234',NULL,NULL,NULL,0,NULL),(112,'dfs','dfs','dfs','3123','dfs','dfs','sdf','123','312','234',NULL,NULL,NULL,0,NULL),(116,'leilufeng','e10adc3949ba59abbe56e057f20f883e','leilufeng','leilufeng','leilufeng','è®¯å¾—1','leilufeng','leilufeng','leilufeng','leilufeng',NULL,NULL,NULL,1,NULL),(117,'leilufeng','e10adc3949ba59abbe56e057f20f883e','leilufeng','leilufeng','leilufeng','è®¯å¾—111','leilufeng','leilufeng','leilufeng','leilufeng',NULL,NULL,NULL,1,NULL),(118,'yyy','yyy','yyyy','2234','234234','yyyy2','2yyy2','23321','12312','1223',NULL,NULL,NULL,1,NULL);

/*Table structure for table `expert` */

DROP TABLE IF EXISTS `expert`;

CREATE TABLE `expert` (
  `id` int(11) NOT NULL AUTO_INCREMENT,
  `UserName` varchar(50) CHARACTER SET utf8 DEFAULT NULL COMMENT 'ç”¨æˆ·å',
  `Password` varchar(50) CHARACTER SET utf8 DEFAULT NULL COMMENT 'ç™»å½•å¯†ç ',
  `Name` varchar(50) DEFAULT NULL,
  `Nation` varchar(50) CHARACTER SET utf8 DEFAULT NULL COMMENT 'æ°‘æ—',
  `Sex` bit(1) DEFAULT NULL COMMENT 'æ€§åˆ«',
  `Origin` varchar(50) CHARACTER SET utf8 DEFAULT NULL COMMENT 'ç±è´¯',
  `Birthday` date DEFAULT NULL,
  `Parties` varchar(50) CHARACTER SET utf8 DEFAULT NULL COMMENT 'æ”¿æ²»é¢è²Œ',
  `Degree` varchar(50) CHARACTER SET utf8 DEFAULT NULL COMMENT 'å­¦å†å­¦ä½',
  `Learn` varchar(50) CHARACTER SET utf8 DEFAULT NULL COMMENT 'æ‰€å­¦ä¸“ä¸š',
  `Working` varchar(50) CHARACTER SET utf8 DEFAULT NULL COMMENT 'ä»äº‹ä¸“ä¸š',
  `TechTitle` varchar(50) CHARACTER SET utf8 DEFAULT NULL COMMENT 'ä¸“ä¸šæŠ€æœ¯èŒç§°',
  `School` varchar(50) CHARACTER SET utf8 DEFAULT NULL COMMENT 'æ¯•ä¸šå­¦æ ¡',
  `Job` varchar(50) CHARACTER SET utf8 DEFAULT NULL COMMENT 'å·¥ä½œå•ä½åŠèŒåŠ¡',
  `Identity` varchar(16) CHARACTER SET utf8 DEFAULT NULL COMMENT 'èº«ä»½è¯å·',
  `Address` varchar(200) CHARACTER SET utf8 DEFAULT NULL COMMENT 'é€šè®¯åœ°å€',
  `Phone` varchar(50) CHARACTER SET utf8 DEFAULT NULL COMMENT 'ç”µè¯',
  `Email` varchar(50) CHARACTER SET utf8 DEFAULT NULL,
  `Moblie` varchar(50) CHARACTER SET utf8 DEFAULT NULL COMMENT 'æ‰‹æœº',
  `ChapterID` int(11) DEFAULT NULL COMMENT 'æ‰€å±åˆ†ä¼šç¼–å·',
  `Situation` text CHARACTER SET utf8 COMMENT 'æŠ€æœ¯ç»„ç»‡ä»»èŒæƒ…å†µ',
  `RecommendTime` datetime DEFAULT NULL COMMENT 'æ¨èå•ä½æ„è§æ—¶é—´',
  `RecommendNote` text CHARACTER SET utf8 COMMENT 'æ¨èå•ä½æ„è§',
  `OfficeTime` datetime DEFAULT NULL COMMENT 'å­¦ä¼šç†äº‹é•¿åŠå…¬ä¼šæ„è§æ—¶é—´',
  `OfficeNote` text CHARACTER SET utf8 COMMENT 'å­¦ä¼šç†äº‹é•¿åŠå…¬ä¼šæ„è§',
  `Change` int(1) DEFAULT NULL COMMENT 'æ˜¯å¦å…è®¸ä¿®æ”¹èµ„æ–™',
  PRIMARY KEY (`id`)
) ENGINE=InnoDB AUTO_INCREMENT=7 DEFAULT CHARSET=latin1;

/*Data for the table `expert` */

insert  into `expert`(`id`,`UserName`,`Password`,`Name`,`Nation`,`Sex`,`Origin`,`Birthday`,`Parties`,`Degree`,`Learn`,`Working`,`TechTitle`,`School`,`Job`,`Identity`,`Address`,`Phone`,`Email`,`Moblie`,`ChapterID`,`Situation`,`RecommendTime`,`RecommendNote`,`OfficeTime`,`OfficeNote`,`Change`) values (1,'admins','e10adc3949ba59abbe56e057f20f883e','1111',NULL,NULL,NULL,NULL,NULL,NULL,NULL,NULL,NULL,NULL,'è®¯å¾—1111',NULL,'123123','12312123','123123',NULL,1,NULL,NULL,NULL,NULL,NULL,1),(3,'exp1','a03936a341bded3004cc5d039a7cfa37','exp1name',NULL,NULL,NULL,NULL,NULL,NULL,NULL,NULL,NULL,NULL,'exp1company',NULL,'dssd','2323','232323',NULL,3,NULL,NULL,NULL,NULL,NULL,1),(4,'exp2','exp2','exp2exp2',NULL,NULL,NULL,NULL,NULL,NULL,NULL,NULL,NULL,NULL,'fasfasd',NULL,'exp2fsdsdfsdf','123123123','123123',NULL,2,NULL,NULL,NULL,NULL,NULL,1),(5,NULL,NULL,'aa',NULL,NULL,NULL,NULL,NULL,NULL,NULL,NULL,NULL,NULL,NULL,NULL,NULL,NULL,NULL,NULL,NULL,NULL,NULL,NULL,NULL,NULL,NULL),(6,NULL,NULL,'aa',NULL,NULL,NULL,NULL,NULL,NULL,NULL,NULL,NULL,NULL,'2',NULL,NULL,NULL,NULL,NULL,NULL,NULL,NULL,NULL,NULL,NULL,NULL);

/*Table structure for table `expert_jobs` */

DROP TABLE IF EXISTS `expert_jobs`;

CREATE TABLE `expert_jobs` (
  `id` int(11) NOT NULL AUTO_INCREMENT,
  `ExpertID` int(11) DEFAULT NULL COMMENT 'ä¸“å®¶ç¼–å·',
  `StartTime` date DEFAULT NULL COMMENT 'èµ·æ—¶é—´',
  `EndTime` date DEFAULT NULL COMMENT 'æ­¢æ—¶é—´',
  `Company` varchar(200) CHARACTER SET utf8 DEFAULT NULL COMMENT 'å·¥ä½œæˆ–å­¦ä¹ å•ä½',
  `Job` varchar(200) CHARACTER SET utf8 DEFAULT NULL COMMENT 'èŒåŠ¡/èŒç§°',
  PRIMARY KEY (`id`)
) ENGINE=InnoDB DEFAULT CHARSET=latin1;

/*Data for the table `expert_jobs` */

/*Table structure for table `expert_results` */

DROP TABLE IF EXISTS `expert_results`;

CREATE TABLE `expert_results` (
  `id` int(11) NOT NULL AUTO_INCREMENT,
  `ExpertID` int(11) DEFAULT NULL COMMENT 'ä¸“å®¶ç¼–å·',
  `StartTime` date DEFAULT NULL COMMENT 'èµ·æ—¶é—´',
  `EndTime` date DEFAULT NULL COMMENT 'æ­¢æ—¶é—´',
  `JobName` varchar(200) CHARACTER SET utf8 DEFAULT NULL COMMENT 'æŠ€æœ¯å·¥ä½œåç§°',
  `Role` varchar(200) CHARACTER SET utf8 DEFAULT NULL COMMENT 'æ‹…ä»»è§’è‰²',
  `Results` varchar(50) CHARACTER SET utf8 DEFAULT NULL COMMENT 'æˆæœæ°´å¹³',
  `Situation` varchar(50) CHARACTER SET utf8 DEFAULT NULL COMMENT 'å®Œæˆæƒ…å†µ',
  PRIMARY KEY (`id`)
) ENGINE=InnoDB DEFAULT CHARSET=latin1 ROW_FORMAT=COMPACT;

/*Data for the table `expert_results` */

/*Table structure for table `expert_winners` */

DROP TABLE IF EXISTS `expert_winners`;

CREATE TABLE `expert_winners` (
  `id` int(11) NOT NULL AUTO_INCREMENT,
  `Date` date DEFAULT NULL COMMENT 'æ—¶é—´',
  `Title` int(11) DEFAULT NULL COMMENT 'è·å¥–é¡¹ç›®åç§°',
  `Level` varchar(200) CHARACTER SET utf8 DEFAULT NULL COMMENT 'å¥–åŠ±åç§°åŠç­‰çº§',
  `Ranking` varchar(50) CHARACTER SET utf8 DEFAULT NULL COMMENT 'æ’å',
  `Contribute` varchar(200) CHARACTER SET utf8 DEFAULT NULL COMMENT 'è´¡çŒ®',
  PRIMARY KEY (`id`)
) ENGINE=InnoDB DEFAULT CHARSET=latin1 ROW_FORMAT=COMPACT;

/*Data for the table `expert_winners` */

/*Table structure for table `expert_writings` */

DROP TABLE IF EXISTS `expert_writings`;

CREATE TABLE `expert_writings` (
  `id` int(11) NOT NULL AUTO_INCREMENT,
  `ExpertID` int(11) DEFAULT NULL COMMENT 'ä¸“å®¶ç¼–å·',
  `Writings` varchar(200) CHARACTER SET utf8 DEFAULT NULL COMMENT 'è®ºæ–‡/è‘—ä½œåç§°',
  `Identity` varchar(50) CHARACTER SET utf8 DEFAULT NULL COMMENT 'ä½œè€…èº«ä»½',
  `Publishers` varchar(200) CHARACTER SET utf8 DEFAULT NULL COMMENT 'å‘è¡¨æœŸåˆŠ/å‡ºç‰ˆç¤¾',
  `Date` date DEFAULT NULL COMMENT 'å‡ºç‰ˆæ—¶é—´',
  PRIMARY KEY (`id`)
) ENGINE=InnoDB DEFAULT CHARSET=latin1 ROW_FORMAT=COMPACT;

/*Data for the table `expert_writings` */

/*Table structure for table `news` */

DROP TABLE IF EXISTS `news`;

CREATE TABLE `news` (
  `id` int(11) NOT NULL AUTO_INCREMENT,
  `NewsTitle` varchar(255) CHARACTER SET utf8 DEFAULT NULL COMMENT 'æ–°é—»æ ‡é¢˜',
  `NewsContent` text CHARACTER SET utf8 COMMENT 'æ–°é—»å†…å®¹',
  `NewsType` varchar(50) CHARACTER SET utf8 DEFAULT NULL COMMENT 'æ–°é—»ç±»å‹',
  `NewsDate` date DEFAULT NULL COMMENT 'å‘è¡¨æ—¶é—´',
  `NewsMan` varchar(255) CHARACTER SET utf8 DEFAULT NULL COMMENT 'å‘è¡¨äºº',
  PRIMARY KEY (`id`)
) ENGINE=InnoDB AUTO_INCREMENT=9 DEFAULT CHARSET=latin1;

/*Data for the table `news` */

insert  into `news`(`id`,`NewsTitle`,`NewsContent`,`NewsType`,`NewsDate`,`NewsMan`) values (2,'fdasf',NULL,NULL,'2015-05-20',NULL),(4,'fdsas',NULL,NULL,'2015-05-20',NULL),(6,'fsd',NULL,NULL,'2015-05-20',NULL),(7,'fdsdd3333','<p>\n	3333fsdafsdFdsa\n</p>\n<p>\n	fdfs\n</p>\n<p>\n	df\n</p>\n<p>\n	sf\n</p>\n<p>\n	sd<img src=\"/attached/image/20150520/20150520172110_604.png\" alt=\"\" /> \n</p>',NULL,'2015-05-20',NULL),(8,'aaaab222','<p>\n	22222fsdaafddf\n</p>\n<p>\n	s\n</p>\n<p>\n	fd\n</p>\n<p>\n	sdf\n</p>\n<p>\n	fdsdf\n</p>\n<p>\n	a\n</p>\n<p>\n	df\n</p>\n<p>\n	as\n</p>',NULL,'2015-05-20',NULL);

/*Table structure for table `project` */

DROP TABLE IF EXISTS `project`;

CREATE TABLE `project` (
  `id` int(11) NOT NULL AUTO_INCREMENT,
  `CompanyID` int(11) DEFAULT NULL COMMENT 'ç”³æŠ¥å…¬å¸',
  `ProjectCN` varchar(200) CHARACTER SET utf8 DEFAULT NULL COMMENT 'é¡¹ç›®ä¸­æ–‡åç§°',
  `ProjectEN` varchar(200) CHARACTER SET utf8 DEFAULT NULL COMMENT 'é¡¹ç›®è‹±æ–‡åç§°',
  `Category` varchar(50) CHARACTER SET utf8 DEFAULT NULL COMMENT 'è¯„å¥–ç±»åˆ«(å–æ•°æ®å­—å…¸)',
  `Group` varbinary(50) DEFAULT NULL COMMENT 'ä¸“ä¸šè¯„å®¡ç»„',
  `StartTime` date DEFAULT NULL COMMENT 'èµ·æ—¶é—´',
  `EndTime` date DEFAULT NULL COMMENT 'æ­¢æ—¶é—´',
  `FromTask` varchar(50) CHARACTER SET utf8 DEFAULT NULL COMMENT 'ä»»åŠ¡æ¥æº',
  `FromOther` varchar(50) CHARACTER SET utf8 DEFAULT NULL COMMENT 'ä»»åŠ¡æ¥æºå…¶ä»–',
  `PlanFund` varchar(50) CHARACTER SET utf8 DEFAULT NULL COMMENT 'è®¡åˆ’ï¼ˆåŸºé‡‘ï¼‰/åç§°/ç¼–å·',
  `Secret` int(1) DEFAULT NULL COMMENT 'æ˜¯å¦ä¿å¯†',
  `SecretTime` varchar(50) CHARACTER SET utf8 DEFAULT NULL COMMENT 'ä¿å¯†æœŸé™',
  `RecommendCompany` varchar(50) CHARACTER SET utf8 DEFAULT NULL COMMENT 'æ¨èå•ä½',
  `Fundamentals` varchar(200) CHARACTER SET utf8 DEFAULT NULL COMMENT 'åŸºæœ¬æƒ…å†µé¡µç›–ç« å›ä¼ ',
  `Introduction` text CHARACTER SET utf8 COMMENT 'é¡¹ç›®ç®€ä»‹',
  `Content` text CHARACTER SET utf8 COMMENT 'é¡¹ç›®è¯¦ç»†å†…å®¹',
  `AppSituation` text CHARACTER SET utf8 COMMENT 'åº”ç”¨æƒ…å†µ',
  `TotalFund` varchar(50) CHARACTER SET utf8 DEFAULT NULL COMMENT 'é¡¹ç›®æ€»æŠ•èµ„é‡‘',
  `Payback` varchar(50) CHARACTER SET utf8 DEFAULT NULL COMMENT 'å›æ”¶æœŸ',
  `Calculations` text CHARACTER SET utf8 COMMENT 'é¡¹ç›®è®¡ç®—ä¾æ®',
  `Social` text CHARACTER SET utf8 COMMENT 'ç¤¾ä¼šæ•ˆç›Š',
  `Recommended` varchar(200) CHARACTER SET utf8 DEFAULT NULL COMMENT 'æ¨èå•ä½æ„è§å›ä¼ ',
  `ApplyYear` varchar(10) CHARACTER SET utf8 DEFAULT NULL COMMENT 'ç”³æŠ¥å¹´åº¦',
  `Note` text CHARACTER SET utf8 COMMENT 'å®¡æŸ¥æ„è§',
  `Status` int(11) DEFAULT NULL COMMENT 'çŠ¶æ€(0æœªæäº¤ï¼Œ1å½¢å¼å®¡æŸ¥ä¸­ï¼Œ2å½¢å¼å®¡æŸ¥åˆæ ¼ï¼Œ3å½¢å¼å®¡æŸ¥ä¸åˆæ ¼ï¼Œ4è¯„å®¡ä¸­)',
  `Step` int(11) DEFAULT NULL COMMENT 'å·²ä¿å­˜æ­¥éª¤ï¼ˆ1é¡¹ç›®åŸºæœ¬æƒ…å†µ,2ä¸»è¦å®Œæˆå•ä½,3ä¸»è¦å®Œæˆäºº,4åŸºæœ¬æƒ…å†µé¡µç›–ç« å›ä¼ ,5é¡¹ç›®ç®€ä»‹,6é¡¹ç›®è¯¦ç»†å†…å®¹,7åº”ç”¨æƒ…å†µ,8ç»æµæ•ˆç›Š,9ç¤¾ä¼šæ•ˆç›Š,10çŸ¥è¯†äº§æƒè¡¨,11æ¨èå•ä½æ„è§,12ä¸Šä¼ é™„ä»¶ï¼‰',
  `GroupZH` int(50) DEFAULT NULL,
  `GroupTP` int(50) DEFAULT NULL,
  PRIMARY KEY (`id`)
) ENGINE=InnoDB AUTO_INCREMENT=19 DEFAULT CHARSET=latin1;

/*Data for the table `project` */

insert  into `project`(`id`,`CompanyID`,`ProjectCN`,`ProjectEN`,`Category`,`Group`,`StartTime`,`EndTime`,`FromTask`,`FromOther`,`PlanFund`,`Secret`,`SecretTime`,`RecommendCompany`,`Fundamentals`,`Introduction`,`Content`,`AppSituation`,`TotalFund`,`Payback`,`Calculations`,`Social`,`Recommended`,`ApplyYear`,`Note`,`Status`,`Step`,`GroupZH`,`GroupTP`) values (1,10,'é¡¹ç›®1','123','1','1','2008-01-01','2009-01-01','','111','asdfa',1,'1111','1111',NULL,NULL,NULL,NULL,NULL,NULL,NULL,NULL,NULL,NULL,NULL,0,NULL,1,1),(2,10,'é¡¹ç›®2','123','1','1','2008-01-01','2009-01-01','','111','asdfa',1,'1111','1111',NULL,NULL,NULL,NULL,NULL,NULL,NULL,NULL,NULL,NULL,NULL,0,NULL,1,1),(3,10,'é¡¹ç›®3','123','2','1','2008-01-01','2009-01-01','','111','asdfa',1,'1111','1111',NULL,NULL,NULL,NULL,NULL,NULL,NULL,NULL,NULL,NULL,NULL,0,NULL,1,1),(4,10,'é¡¹ç›®4','123','3','1','2008-01-01','2009-01-01','','111','asdfa',1,'1111','1111',NULL,NULL,NULL,NULL,NULL,NULL,NULL,NULL,NULL,NULL,NULL,0,NULL,1,1),(5,10,'é¡¹ç›®5','123','4','1','2008-01-01','2009-01-01','','111','asdfa',1,'1111','1111',NULL,NULL,NULL,NULL,NULL,NULL,NULL,NULL,NULL,NULL,NULL,0,NULL,1,1),(6,10,'é¡¹ç›®6','123','5','1','2008-01-01','2009-01-01','','111','asdfa',1,'1111','1111',NULL,NULL,NULL,NULL,NULL,NULL,NULL,NULL,NULL,NULL,NULL,0,NULL,1,1),(7,10,'é¡¹ç›®7','123','5','1','2008-01-01','2009-01-01','','111','asdfa',1,'1111','1111',NULL,NULL,NULL,NULL,NULL,NULL,NULL,NULL,NULL,NULL,NULL,0,NULL,1,1),(8,1,'23','23','1','2','2015-06-12','2016-01-16','1,2,3','23','23',1,'2','324','C:\\Users\\john1\\workspace\\ccoa\\WebRoot/temp/jbqk/114.jpg','dsfsdf','sdf','zxcsdfsdf','23','23','xffsd','sdfsfsdfsdf','C:\\Users\\john1\\workspace\\ccoa\\WebRoot/temp/dwyj/119.jpg','2015',NULL,1,1,NULL,NULL),(16,1,'sd','234','1','2','2015-04-29','2015-05-06','1,2',NULL,NULL,1,NULL,NULL,NULL,NULL,NULL,NULL,NULL,NULL,NULL,NULL,NULL,NULL,NULL,0,1,NULL,NULL),(17,1,NULL,NULL,'1','2',NULL,NULL,NULL,NULL,NULL,1,NULL,NULL,NULL,NULL,NULL,NULL,NULL,NULL,NULL,NULL,NULL,NULL,NULL,0,1,NULL,NULL),(18,1,NULL,NULL,'1','2',NULL,NULL,NULL,NULL,NULL,1,NULL,NULL,NULL,NULL,NULL,NULL,NULL,NULL,NULL,NULL,NULL,NULL,NULL,0,1,NULL,NULL);

/*Table structure for table `project_accessory` */

DROP TABLE IF EXISTS `project_accessory`;

CREATE TABLE `project_accessory` (
  `id` int(11) NOT NULL AUTO_INCREMENT,
  `type` varchar(255) CHARACTER SET utf8 DEFAULT NULL COMMENT 'ä¸Šä¼ ç±»å‹',
  `filePath` varchar(500) CHARACTER SET utf8 DEFAULT NULL COMMENT 'ä¸Šä¼ åœ°å€',
  `fileName` varchar(50) CHARACTER SET utf8 DEFAULT NULL COMMENT 'æ–‡ä»¶åç§°',
  `ProjectID` int(11) DEFAULT NULL COMMENT 'æ‰€å±é¡¹ç›®',
  PRIMARY KEY (`id`)
) ENGINE=InnoDB AUTO_INCREMENT=7 DEFAULT CHARSET=latin1;

/*Data for the table `project_accessory` */

insert  into `project_accessory`(`id`,`type`,`filePath`,`fileName`,`ProjectID`) values (1,'ä¸»è¦è®ºè‘—çš„å¤å°ä»¶','C:\\Users\\john1\\workspace\\ccoa\\WebRoot/temp/æ–°å»ºæ–‡æœ¬æ–‡æ¡£6.txt','æ–°å»ºæ–‡æœ¬æ–‡æ¡£6',8),(2,'è¢«ä»–äººå¼•ç”¨æƒ…å†µæ£€ç´¢å¤å°ä»¶','C:\\Users\\john1\\workspace\\ccoa\\WebRoot/temp/æ–°å»ºæ–‡æœ¬æ–‡æ¡£7.txt','æ–°å»ºæ–‡æœ¬æ–‡æ¡£7',8),(3,'ç§‘å­¦è¯„ä»·è¯æ˜','C:\\Users\\john1\\workspace\\ccoa\\WebRoot/temp/æ–°å»ºæ–‡æœ¬æ–‡æ¡£8.txt','æ–°å»ºæ–‡æœ¬æ–‡æ¡£8',8),(4,'æŠ€æœ¯è¯„ä»·è¯æ˜(å¤å°ä»¶)','C:\\Users\\john1\\workspace\\ccoa\\WebRoot/temp/æ–°å»ºæ–‡æœ¬æ–‡æ¡£9.txt','æ–°å»ºæ–‡æœ¬æ–‡æ¡£9',8),(5,'åº”ç”¨è¯æ˜','C:\\Users\\john1\\workspace\\ccoa\\WebRoot/temp/æ–°å»ºæ–‡æœ¬æ–‡æ¡£10.txt','æ–°å»ºæ–‡æœ¬æ–‡æ¡£10',8),(6,'å…¶å®ƒè¯æ˜','C:\\Users\\john1\\workspace\\ccoa\\WebRoot/temp/æ–°å»ºæ–‡æœ¬æ–‡æ¡£11.txt','æ–°å»ºæ–‡æœ¬æ–‡æ¡£11',8);

/*Table structure for table `project_economies` */

DROP TABLE IF EXISTS `project_economies`;

CREATE TABLE `project_economies` (
  `id` int(11) NOT NULL AUTO_INCREMENT,
  `Year` varchar(50) CHARACTER SET utf8 DEFAULT NULL COMMENT 'å¹´ä»½',
  `Profit` varchar(50) CHARACTER SET utf8 DEFAULT NULL COMMENT 'æ–°å¢åˆ©æ¶¦',
  `Tax` varchar(50) CHARACTER SET utf8 DEFAULT NULL COMMENT 'æ–°å¢ç¨æ”¶',
  `Tevenue` varchar(50) CHARACTER SET utf8 DEFAULT NULL COMMENT 'åˆ›æ”¶å¤–æ±‡ï¼ˆç¾å…ƒï¼‰',
  `Cutting` varchar(50) CHARACTER SET utf8 DEFAULT NULL COMMENT 'èŠ‚æ”¯æ€»é¢',
  `ProjectID` int(11) DEFAULT NULL COMMENT 'æ‰€å±é¡¹ç›®',
  PRIMARY KEY (`id`)
) ENGINE=InnoDB AUTO_INCREMENT=5 DEFAULT CHARSET=latin1;

/*Data for the table `project_economies` */

insert  into `project_economies`(`id`,`Year`,`Profit`,`Tax`,`Tevenue`,`Cutting`,`ProjectID`) values (2,'2015',NULL,NULL,NULL,NULL,8),(3,'2014',NULL,NULL,NULL,NULL,8);

/*Table structure for table `project_key_person` */

DROP TABLE IF EXISTS `project_key_person`;

CREATE TABLE `project_key_person` (
  `id` int(11) NOT NULL AUTO_INCREMENT,
  `Sort` int(11) DEFAULT NULL COMMENT 'æ’åº',
  `Name` varchar(50) CHARACTER SET utf8 DEFAULT NULL COMMENT 'å§“å',
  `Sex` bit(1) DEFAULT NULL COMMENT 'æ€§åˆ«ï¼Œ1ç”·ï¼Œ0å¥³',
  `Nation` varchar(50) CHARACTER SET utf8 DEFAULT NULL COMMENT 'æ°‘æ—',
  `Homeplace` varchar(300) CHARACTER SET utf8 DEFAULT NULL COMMENT 'å‡ºç”Ÿåœ°',
  `Birthday` date DEFAULT NULL COMMENT 'å‡ºç”Ÿæ—¥æœŸ',
  `Parties` varchar(50) CHARACTER SET utf8 DEFAULT NULL COMMENT 'å…šæ´¾',
  `Company` varchar(50) CHARACTER SET utf8 DEFAULT NULL COMMENT 'å·¥ä½œå•ä½',
  `ContactPhone` varchar(50) CHARACTER SET utf8 DEFAULT NULL COMMENT 'è”ç³»ç”µè¯',
  `ContactAddress` varchar(300) CHARACTER SET utf8 DEFAULT NULL,
  `ZipCode` varchar(50) CHARACTER SET utf8 DEFAULT NULL COMMENT 'é‚®æ”¿ç¼–ç ',
  `HomeAddress` varchar(300) CHARACTER SET utf8 DEFAULT NULL COMMENT 'å®¶åº­ä½å€',
  `HomePhone` varchar(50) CHARACTER SET utf8 DEFAULT NULL COMMENT 'ä½å®…ç”µè¯',
  `EMail` varchar(50) CHARACTER SET utf8 DEFAULT NULL COMMENT 'ç”µå­ä¿¡ç®±',
  `School` varchar(50) CHARACTER SET utf8 DEFAULT NULL COMMENT 'æ¯•ä¸šå­¦æ ¡',
  `Education` varchar(300) CHARACTER SET utf8 DEFAULT NULL COMMENT 'æ–‡åŒ–ç¨‹åº¦',
  `Degree` varchar(200) CHARACTER SET utf8 DEFAULT NULL COMMENT 'å­¦ä½',
  `JobTitle` varchar(200) CHARACTER SET utf8 DEFAULT NULL COMMENT 'èŒåŠ¡èŒç§°',
  `Speciality` varchar(200) CHARACTER SET utf8 DEFAULT NULL COMMENT 'ä¸“ä¸šä¸“é•¿',
  `Graduation` varchar(50) CHARACTER SET utf8 DEFAULT NULL COMMENT 'æ¯•ä¸šæ—¶é—´',
  `Honor` text CHARACTER SET utf8 COMMENT 'æ›¾è·å¥–åŠ±åŠè£èª‰',
  `StartTime` date DEFAULT NULL COMMENT 'æœ¬é¡¹ç›®èµ·æ—¶é—´',
  `EndTime` date DEFAULT NULL COMMENT 'æœ¬é¡¹ç›®æ­¢æ—¶é—´',
  `Contribution` text CHARACTER SET utf8 COMMENT 'åˆ›å»ºæ€§è´¡çŒ®',
  `ProjectID` int(11) DEFAULT NULL COMMENT 'æ‰€å±é¡¹ç›®',
  PRIMARY KEY (`id`)
) ENGINE=InnoDB AUTO_INCREMENT=4 DEFAULT CHARSET=latin1;

/*Data for the table `project_key_person` */

insert  into `project_key_person`(`id`,`Sort`,`Name`,`Sex`,`Nation`,`Homeplace`,`Birthday`,`Parties`,`Company`,`ContactPhone`,`ContactAddress`,`ZipCode`,`HomeAddress`,`HomePhone`,`EMail`,`School`,`Education`,`Degree`,`JobTitle`,`Speciality`,`Graduation`,`Honor`,`StartTime`,`EndTime`,`Contribution`,`ProjectID`) values (1,NULL,'æ¨ä¸¹3','',NULL,NULL,'2015-02-01','123',NULL,NULL,NULL,NULL,NULL,NULL,NULL,NULL,NULL,NULL,NULL,NULL,'2015-02-10',NULL,'2015-02-10','2015-02-10',NULL,8),(2,NULL,'æ¨ä¸¹3','','æ±‰æ—',NULL,'2015-02-01',NULL,NULL,NULL,NULL,NULL,NULL,NULL,NULL,NULL,NULL,NULL,NULL,NULL,'2015-02-10',NULL,'2015-02-10','2015-02-10',NULL,8),(3,NULL,'sdf','',NULL,NULL,NULL,NULL,NULL,NULL,NULL,NULL,NULL,NULL,NULL,NULL,NULL,NULL,NULL,NULL,NULL,NULL,NULL,NULL,NULL,8);

/*Table structure for table `project_major_company` */

DROP TABLE IF EXISTS `project_major_company`;

CREATE TABLE `project_major_company` (
  `id` int(11) NOT NULL AUTO_INCREMENT,
  `CompanyName` varchar(300) CHARACTER SET utf8 DEFAULT NULL COMMENT 'å•ä½åç§°',
  `CompanyAddress` varchar(300) CHARACTER SET utf8 DEFAULT NULL COMMENT 'é€šè®¯åœ°å€',
  `ZipCode` varchar(255) CHARACTER SET utf8 DEFAULT NULL COMMENT 'é‚®æ”¿ç¼–ç ',
  `LinkMan` varchar(50) CHARACTER SET utf8 DEFAULT NULL COMMENT 'è”ç³»äºº',
  `LinkPhone` varchar(50) CHARACTER SET utf8 DEFAULT NULL COMMENT 'è”ç³»ç”µè¯',
  `ProjectID` int(11) DEFAULT NULL COMMENT 'æ‰€å±é¡¹ç›®',
  PRIMARY KEY (`id`)
) ENGINE=InnoDB AUTO_INCREMENT=7 DEFAULT CHARSET=latin1;

/*Data for the table `project_major_company` */

insert  into `project_major_company`(`id`,`CompanyName`,`CompanyAddress`,`ZipCode`,`LinkMan`,`LinkPhone`,`ProjectID`) values (3,'å•ä½14','sdf','324','sdf','sdf',8),(5,'å•ä½14','sdf','sd','sdf','sdf',8),(6,'sdf','sdf','234','234','234',8);

/*Table structure for table `project_property` */

DROP TABLE IF EXISTS `project_property`;

CREATE TABLE `project_property` (
  `id` int(11) NOT NULL AUTO_INCREMENT,
  `Categories` varchar(50) CHARACTER SET utf8 DEFAULT NULL COMMENT 'çŸ¥è¯†äº§æƒç±»åˆ«åŠå›½å®¶ï¼ˆåœ°åŒºï¼‰',
  `Name` varchar(200) CHARACTER SET utf8 DEFAULT NULL COMMENT 'çŸ¥è¯†äº§æƒå…·ä½“åç§°',
  `ApplyDate` date DEFAULT NULL COMMENT 'ç”³è¯·æ—¥æœŸ',
  `AuthorityDate` date DEFAULT NULL COMMENT 'AuthorityDate',
  `PatentNumber` varchar(50) CHARACTER SET utf8 DEFAULT NULL COMMENT 'ä¸“åˆ©å·',
  `Obligee` varchar(50) CHARACTER SET utf8 DEFAULT NULL COMMENT 'æƒåˆ©äºº',
  `Inventor` varchar(50) CHARACTER SET utf8 DEFAULT NULL COMMENT 'å‘æ˜äºº',
  `ProjectID` int(11) DEFAULT NULL COMMENT 'æ‰€å±é¡¹ç›®',
  PRIMARY KEY (`id`)
) ENGINE=InnoDB AUTO_INCREMENT=6 DEFAULT CHARSET=latin1;

/*Data for the table `project_property` */

insert  into `project_property`(`id`,`Categories`,`Name`,`ApplyDate`,`AuthorityDate`,`PatentNumber`,`Obligee`,`Inventor`,`ProjectID`) values (1,'lksdfj','34','2014-01-02','2014-01-02','300002',NULL,NULL,8),(4,NULL,NULL,NULL,NULL,NULL,NULL,NULL,NULL),(5,'å£«å¤§å¤«','å£«å¤§å¤«',NULL,NULL,NULL,NULL,NULL,8);

/*Table structure for table `project_review` */

DROP TABLE IF EXISTS `project_review`;

CREATE TABLE `project_review` (
  `id` int(11) NOT NULL AUTO_INCREMENT COMMENT 'ç¼–å·',
  `projectID` varchar(32) COLLATE utf8_bin DEFAULT NULL COMMENT 'é¡¹ç›®ç¼–å·',
  `expertID` varchar(32) COLLATE utf8_bin DEFAULT NULL COMMENT 'ä¸“å®¶ç¼–å·',
  `score` decimal(10,2) DEFAULT NULL COMMENT 'åˆ†æ•°',
  `recommend` char(2) COLLATE utf8_bin DEFAULT NULL COMMENT 'æ˜¯å¦æ¨è',
  `prize` char(2) COLLATE utf8_bin DEFAULT NULL COMMENT 'æ˜¯å¦æ¨èä¸€ç­‰å¥–',
  `note` varchar(1000) COLLATE utf8_bin DEFAULT NULL,
  `status` char(2) COLLATE utf8_bin DEFAULT '0' COMMENT 'æ“ä½œ',
  PRIMARY KEY (`id`)
) ENGINE=InnoDB AUTO_INCREMENT=155 DEFAULT CHARSET=utf8 COLLATE=utf8_bin;

/*Data for the table `project_review` */

insert  into `project_review`(`id`,`projectID`,`expertID`,`score`,`recommend`,`prize`,`note`,`status`) values (145,'1','1','2.00','0','0','','2'),(146,'2','1','2.00','0','0','','2'),(147,'3','1','3.00','0','0','','2'),(148,'4','1','2.00','0','0','','2'),(149,'5','1','3.00','0','0','','2'),(150,'6','1','4.00','0','0','','2'),(151,'7','1','2.00','0','0','','2'),(152,'1','2','3.00','0','0','','1'),(153,'2','2','2.00','0','0','','1'),(154,'3','2','14.00','1','1','213','1');

/*Table structure for table `project_review_gather` */

DROP TABLE IF EXISTS `project_review_gather`;

CREATE TABLE `project_review_gather` (
  `id` int(11) NOT NULL AUTO_INCREMENT,
  `projectID` varchar(32) COLLATE utf8_bin DEFAULT NULL COMMENT 'é¡¹ç›®ç¼–å·',
  `expertID` varchar(32) COLLATE utf8_bin DEFAULT NULL COMMENT 'ä¸“å®¶ç¼–å·',
  `score` decimal(10,2) DEFAULT NULL COMMENT 'åˆ†æ•°',
  `vote` char(2) COLLATE utf8_bin DEFAULT NULL COMMENT 'æ˜¯å¦æ¨è',
  `note` varchar(1000) COLLATE utf8_bin DEFAULT NULL,
  `status` char(2) COLLATE utf8_bin DEFAULT '0' COMMENT 'æ“ä½œ',
  `statusTp` char(2) COLLATE utf8_bin DEFAULT '0' COMMENT 'æŠ•ç¥¨æ“ä½œçŠ¶æ€',
  PRIMARY KEY (`id`)
) ENGINE=InnoDB AUTO_INCREMENT=19 DEFAULT CHARSET=utf8 COLLATE=utf8_bin;

/*Data for the table `project_review_gather` */

insert  into `project_review_gather`(`id`,`projectID`,`expertID`,`score`,`vote`,`note`,`status`,`statusTp`) values (9,NULL,NULL,NULL,NULL,NULL,'1','0'),(10,'1','1','2.00','1','','1','0'),(11,'2','1','23.00','0','','1','0'),(12,'3','1','3.00','0','','1','0'),(13,'4','2','4.00','1','','1','0'),(14,'4','1',NULL,'0',NULL,'0','0'),(15,'1','2',NULL,'1',NULL,'0','0'),(16,'2','2',NULL,'1',NULL,'0','0'),(17,'3','2',NULL,'1',NULL,'0','0'),(18,'5','2',NULL,'1',NULL,'0','0');

/*Table structure for table `project_review_other` */

DROP TABLE IF EXISTS `project_review_other`;

CREATE TABLE `project_review_other` (
  `id` int(11) NOT NULL AUTO_INCREMENT,
  `ProjectID` int(11) DEFAULT NULL,
  `ExpertID` int(11) DEFAULT NULL,
  `FilePath` varchar(200) DEFAULT NULL,
  `Recommend` char(2) DEFAULT NULL,
  `Note` varchar(1000) DEFAULT NULL,
  `Status` char(2) DEFAULT NULL,
  PRIMARY KEY (`id`)
) ENGINE=InnoDB DEFAULT CHARSET=utf8;

/*Data for the table `project_review_other` */

/*Table structure for table `review` */

DROP TABLE IF EXISTS `review`;

CREATE TABLE `review` (
  `id` int(11) NOT NULL AUTO_INCREMENT COMMENT 'ç¼–å·',
  `ProjectID` int(11) DEFAULT NULL,
  `ExpertID` int(11) DEFAULT NULL,
  `Parameter1` double DEFAULT NULL COMMENT 'è¯„åˆ†å‚æ•°',
  `Parameter2` double DEFAULT NULL COMMENT 'è¯„åˆ†å‚æ•°',
  `Parameter3` double DEFAULT NULL COMMENT 'è¯„åˆ†å‚æ•°',
  `Parameter4` double DEFAULT NULL COMMENT 'è¯„åˆ†å‚æ•°',
  `Parameter5` double DEFAULT NULL COMMENT 'è¯„åˆ†å‚æ•°',
  `Recommend` bit(1) DEFAULT NULL COMMENT 'æ˜¯å¦æ¨è(1æ¨èï¼Œ0ä¸æ¨è)',
  `Prize` int(11) DEFAULT NULL COMMENT '0ç‰¹ç­‰å¥–ï¼Œ1ï¼šä¸€ç­‰å¥–ï¼Œ2ï¼šäºŒç­‰å¥–ï¼Œ3ï¼šä¸‰ç­‰å¥–',
  `Note` text CHARACTER SET utf8 COMMENT 'æ„è§',
  `Status` bit(1) DEFAULT NULL COMMENT 'çŠ¶æ€(1ï¼šé€šè¿‡ï¼Œ0ä¸é€šè¿‡)',
  PRIMARY KEY (`id`)
) ENGINE=InnoDB DEFAULT CHARSET=latin1;

/*Data for the table `review` */

/*Table structure for table `set_category` */

DROP TABLE IF EXISTS `set_category`;

CREATE TABLE `set_category` (
  `id` int(11) NOT NULL AUTO_INCREMENT COMMENT 'ç¼–å·',
  `Name` varchar(50) CHARACTER SET utf8 DEFAULT NULL COMMENT 'åç§°',
  `Status` int(1) DEFAULT NULL COMMENT 'çŠ¶æ€(1æœ‰æ•ˆï¼Œ0æ— æ•ˆ)',
  PRIMARY KEY (`id`)
) ENGINE=InnoDB AUTO_INCREMENT=8 DEFAULT CHARSET=latin1;

/*Data for the table `set_category` */

insert  into `set_category`(`id`,`Name`,`Status`) values (1,'æŠ€æœ¯å‘æ˜é¡¹ç›®',1),(2,'è‡ªç„¶ç§‘å­¦é¡¹ç›®',1),(3,'æŠ€æœ¯å¼€å‘é¡¹ç›®',1),(4,'ç¤¾ä¼šå…¬ç›Šé¡¹ç›®',0),(5,'é‡å¤§å·¥ç¨‹é¡¹ç›®',0),(6,'aaaaq11122',1),(7,'bbb',1);

/*Table structure for table `set_chapter` */

DROP TABLE IF EXISTS `set_chapter`;

CREATE TABLE `set_chapter` (
  `id` int(11) NOT NULL AUTO_INCREMENT COMMENT 'ç¼–å·',
  `Name` varchar(50) CHARACTER SET utf8 DEFAULT NULL COMMENT 'åç§°',
  `Status` int(1) DEFAULT NULL COMMENT 'çŠ¶æ€(1æœ‰æ•ˆï¼Œ0æ— æ•ˆ)',
  PRIMARY KEY (`id`)
) ENGINE=InnoDB AUTO_INCREMENT=8 DEFAULT CHARSET=latin1 ROW_FORMAT=COMPACT;

/*Data for the table `set_chapter` */

insert  into `set_chapter`(`id`,`Name`,`Status`) values (1,'saaaa222',0),(2,'sddssd',1),(3,'dddd',1),(4,'ccc',0),(5,'222',1),(6,'333',0),(7,'444',1);

/*Table structure for table `set_expertgroup` */

DROP TABLE IF EXISTS `set_expertgroup`;

CREATE TABLE `set_expertgroup` (
  `id` int(11) NOT NULL AUTO_INCREMENT,
  `group_id` int(11) DEFAULT NULL COMMENT 'è¯„å®¡ç»„ç¼–å·',
  `expert_id` int(11) DEFAULT NULL COMMENT 'ä¸“å®¶ç¼–å·',
  PRIMARY KEY (`id`)
) ENGINE=InnoDB AUTO_INCREMENT=4 DEFAULT CHARSET=utf8 COLLATE=utf8_bin;

/*Data for the table `set_expertgroup` */

insert  into `set_expertgroup`(`id`,`group_id`,`expert_id`) values (1,1,1),(2,1,2),(3,2,1);

/*Table structure for table `set_fromtask` */

DROP TABLE IF EXISTS `set_fromtask`;

CREATE TABLE `set_fromtask` (
  `id` int(11) NOT NULL AUTO_INCREMENT COMMENT 'ç¼–å·',
  `Name` varchar(50) CHARACTER SET utf8 DEFAULT NULL COMMENT 'åç§°',
  `Status` int(1) DEFAULT NULL COMMENT 'çŠ¶æ€(1æœ‰æ•ˆï¼Œ0æ— æ•ˆ)',
  PRIMARY KEY (`id`)
) ENGINE=InnoDB AUTO_INCREMENT=10 DEFAULT CHARSET=latin1 ROW_FORMAT=COMPACT;

/*Data for the table `set_fromtask` */

insert  into `set_fromtask`(`id`,`Name`,`Status`) values (1,'å›½å®¶è®¡åˆ’',1),(2,'éƒ¨å§”è®¡åˆ’',1),(3,'çœå¸‚è‡ªæ²»åŒºè®¡åˆ’',1),(4,'åŸºé‡‘èµ„åŠ©',1),(5,'å›½é™…åˆä½œ',1),(6,'å…¶å®ƒä»£ä¸ºå§”æ‰˜',1),(7,'è‡ªé€‰',1),(8,'éèŒåŠ¡',1),(9,'å…¶ä»–',1);

/*Table structure for table `set_group` */

DROP TABLE IF EXISTS `set_group`;

CREATE TABLE `set_group` (
  `id` int(11) NOT NULL AUTO_INCREMENT COMMENT 'ç¼–å·',
  `Name` varchar(50) CHARACTER SET utf8 DEFAULT NULL COMMENT 'åç§°',
  `Status` int(1) DEFAULT NULL COMMENT 'çŠ¶æ€(1æœ‰æ•ˆï¼Œ0æ— æ•ˆ)',
  PRIMARY KEY (`id`)
) ENGINE=InnoDB AUTO_INCREMENT=8 DEFAULT CHARSET=latin1 ROW_FORMAT=COMPACT;

/*Data for the table `set_group` */

insert  into `set_group`(`id`,`Name`,`Status`) values (1,'æ²¹è„‚2',0),(2,'é£Ÿå“',1),(3,'å‚¨è—333',0),(4,'ä¿¡æ¯',1),(5,'å‘é…µé¢é£Ÿ',0),(6,'aaa',1),(7,'233',0);

/*Table structure for table `set_prize` */

DROP TABLE IF EXISTS `set_prize`;

CREATE TABLE `set_prize` (
  `id` int(11) NOT NULL AUTO_INCREMENT,
  `Grandest` int(1) DEFAULT NULL COMMENT 'æ˜¯å¦æœ‰ç‰¹ç­‰å¥–(1æœ‰ï¼Œ0æ— )',
  `One` int(1) DEFAULT NULL COMMENT 'æ˜¯å¦æœ‰ä¸€ç­‰å¥–',
  `Two` int(1) DEFAULT NULL COMMENT 'æ˜¯å¦æœ‰äºŒç­‰å¥–',
  `Three` int(1) DEFAULT NULL COMMENT 'æ˜¯å¦æœ‰ä¸‰ç­‰å¥–',
  `Professional` int(1) DEFAULT NULL COMMENT 'ä¸“è¯„æ‰“åˆ†è§„åˆ™(1ï¼šæ‰€æœ‰åˆ†æ•°å¹³å‡åˆ†ï¼›0å»æ‰æœ€ä½åˆ†å»æ‰æœ€é«˜åˆ†çš„å¹³å‡åˆ†)',
  `Composite` int(1) DEFAULT NULL COMMENT 'ç»¼è¯„æ‰“åˆ†è§„åˆ™(1ï¼šæ‰€æœ‰åˆ†æ•°å¹³å‡åˆ†ï¼›0å»æ‰æœ€ä½åˆ†å»æ‰æœ€é«˜åˆ†çš„å¹³å‡åˆ†)',
  `GrandestVote` int(11) DEFAULT NULL COMMENT 'ç‰¹ç­‰å¥–ç¥¨æ•°',
  `OneVote` int(11) DEFAULT NULL COMMENT 'ä¸€ç­‰å¥–ç¥¨æ•°',
  `TwoVote` int(11) DEFAULT NULL COMMENT 'äºŒç­‰å¥–ç¥¨æ•°',
  `ThreeVote` int(11) DEFAULT NULL COMMENT 'ä¸‰ç­‰å¥–ç¥¨æ•°',
  `ApplyStartTime` datetime DEFAULT NULL COMMENT 'ç”³æŠ¥å¼€å§‹æ—¶é—´',
  `ApplyEndTime` datetime DEFAULT NULL COMMENT 'ç”³æŠ¥ç»“æŸæ—¶é—´',
  `ProfessionalStartTime` datetime DEFAULT NULL,
  `ProfessionalEndTime` datetime DEFAULT NULL,
  `CompositeStartTime` datetime DEFAULT NULL,
  `CompositeEndTime` datetime DEFAULT NULL,
  `CompositeVoteStartTime` datetime DEFAULT NULL,
  `CompositeVoteEndTime` datetime DEFAULT NULL,
  `Watermark` varchar(200) CHARACTER SET utf8 DEFAULT NULL COMMENT 'æ°´å°æ–‡å­—è®¾ç½®',
  `Status` int(1) DEFAULT NULL COMMENT 'çŠ¶æ€(1å¼€å¯ï¼Œ0ç»“æŸ)',
  `Note` text CHARACTER SET utf8 COMMENT 'æ³¨æ„äº‹é¡¹',
  PRIMARY KEY (`id`)
) ENGINE=InnoDB AUTO_INCREMENT=2 DEFAULT CHARSET=latin1;

/*Data for the table `set_prize` */

insert  into `set_prize`(`id`,`Grandest`,`One`,`Two`,`Three`,`Professional`,`Composite`,`GrandestVote`,`OneVote`,`TwoVote`,`ThreeVote`,`ApplyStartTime`,`ApplyEndTime`,`ProfessionalStartTime`,`ProfessionalEndTime`,`CompositeStartTime`,`CompositeEndTime`,`CompositeVoteStartTime`,`CompositeVoteEndTime`,`Watermark`,`Status`,`Note`) values (1,NULL,1,1,NULL,1,0,2333,21444,444,2355,'2015-05-05 01:27:46','2015-05-29 01:27:48','2015-05-11 01:27:50','2015-05-03 01:27:51','2015-05-05 01:27:52','2015-05-07 01:27:54','2015-05-09 01:27:55','2015-05-11 01:27:56','dsafas',1,'fsdafsdasdfsdf');

/*Table structure for table `set_template` */

DROP TABLE IF EXISTS `set_template`;

CREATE TABLE `set_template` (
  `id` int(11) NOT NULL AUTO_INCREMENT,
  `Title` varchar(50) CHARACTER SET utf8 DEFAULT NULL COMMENT 'åç§°',
  `Path` varchar(200) CHARACTER SET utf8 DEFAULT NULL COMMENT 'è·¯å¾„',
  `Date` datetime DEFAULT NULL COMMENT 'ä¸Šä¼ æ—¶é—´',
  `Note` text CHARACTER SET utf8 COMMENT 'æè¿°',
  `AdminId` varchar(50) CHARACTER SET utf8 DEFAULT NULL,
  PRIMARY KEY (`id`)
) ENGINE=InnoDB AUTO_INCREMENT=82 DEFAULT CHARSET=latin1;

/*Data for the table `set_template` */

insert  into `set_template`(`id`,`Title`,`Path`,`Date`,`Note`,`AdminId`) values (1,NULL,NULL,'2015-05-20 20:16:44',NULL,'1'),(2,NULL,NULL,'2015-05-20 20:18:32',NULL,'1'),(3,NULL,NULL,'2015-05-20 20:18:43',NULL,'1'),(4,NULL,NULL,'2015-05-20 20:19:49',NULL,'1'),(5,NULL,NULL,'2015-05-20 20:20:20',NULL,'1'),(6,NULL,NULL,'2015-05-20 20:20:59',NULL,'1'),(7,NULL,NULL,'2015-05-20 20:22:06',NULL,'1'),(8,NULL,NULL,'2015-05-20 20:23:19',NULL,'1'),(9,NULL,NULL,'2015-05-20 20:26:42',NULL,'1'),(10,NULL,NULL,'2015-05-20 20:28:07',NULL,'1'),(11,NULL,NULL,'2015-05-20 20:28:34',NULL,'1'),(12,NULL,NULL,'2015-05-20 20:29:33',NULL,'1'),(13,NULL,NULL,'2015-05-20 20:30:16',NULL,'1'),(14,NULL,NULL,'2015-05-20 20:31:15',NULL,'1'),(15,NULL,NULL,'2015-05-20 20:31:43',NULL,'1'),(16,NULL,NULL,'2015-05-20 20:32:14',NULL,'1'),(17,NULL,NULL,'2015-05-20 20:32:38',NULL,'1'),(18,NULL,NULL,'2015-05-20 20:33:36',NULL,'1'),(19,NULL,NULL,'2015-05-20 20:34:26',NULL,'1'),(20,NULL,NULL,'2015-05-20 20:35:02',NULL,'1'),(21,NULL,NULL,'2015-05-20 20:38:11',NULL,'1'),(22,NULL,NULL,'2015-05-20 20:39:11',NULL,'1'),(23,NULL,NULL,'2015-05-20 20:41:39',NULL,'1'),(24,NULL,NULL,'2015-05-20 20:42:20',NULL,'1'),(25,NULL,NULL,'2015-05-20 20:45:21',NULL,'1'),(26,NULL,NULL,'2015-05-20 20:47:01',NULL,'1'),(27,NULL,NULL,'2015-05-20 20:47:56',NULL,'1'),(28,NULL,NULL,'2015-05-20 20:50:02',NULL,'1'),(29,NULL,NULL,'2015-05-20 20:55:23',NULL,'1'),(30,NULL,NULL,'2015-05-20 20:57:52',NULL,'1'),(31,NULL,NULL,'2015-05-20 21:01:33',NULL,'1'),(32,NULL,NULL,'2015-05-20 21:05:56',NULL,'1'),(33,NULL,NULL,'2015-05-20 21:07:44',NULL,'1'),(34,NULL,NULL,'2015-05-20 21:10:42',NULL,'1'),(35,NULL,NULL,'2015-05-21 00:08:54',NULL,'1'),(36,NULL,NULL,'2015-05-21 00:10:04',NULL,'1'),(37,NULL,NULL,'2015-05-21 00:25:30',NULL,'1'),(38,NULL,NULL,'2015-05-21 00:25:55',NULL,'1'),(39,NULL,NULL,'2015-05-21 00:26:11',NULL,'1'),(40,NULL,NULL,'2015-05-21 00:26:55',NULL,'1'),(41,NULL,NULL,'2015-05-21 00:27:53',NULL,'1'),(42,NULL,NULL,'2015-05-21 00:31:46',NULL,'1'),(43,NULL,NULL,'2015-05-21 00:32:43',NULL,'1'),(44,NULL,NULL,'2015-05-21 00:33:16',NULL,'1'),(45,NULL,NULL,'2015-05-21 00:33:39',NULL,'1'),(46,NULL,NULL,'2015-05-21 00:35:15',NULL,'1'),(47,NULL,NULL,'2015-05-21 00:35:27',NULL,'1'),(48,NULL,NULL,'2015-05-21 00:38:22',NULL,'1'),(49,NULL,NULL,'2015-05-21 00:41:40',NULL,'1'),(50,NULL,NULL,'2015-05-21 00:42:11',NULL,'1'),(51,NULL,NULL,'2015-05-21 00:42:21',NULL,'1'),(52,NULL,NULL,'2015-05-21 00:42:49',NULL,'1'),(53,NULL,NULL,'2015-05-21 00:42:50',NULL,'1'),(54,NULL,NULL,'2015-05-21 00:43:01',NULL,'1'),(55,NULL,NULL,'2015-05-21 00:43:27',NULL,'1'),(56,NULL,NULL,'2015-05-21 00:43:29',NULL,'1'),(57,NULL,NULL,'2015-05-21 00:43:48',NULL,'1'),(58,NULL,NULL,'2015-05-21 00:44:08',NULL,'1'),(59,NULL,NULL,'2015-05-21 00:45:22',NULL,'1'),(60,NULL,NULL,'2015-05-21 00:57:41',NULL,'1'),(61,NULL,NULL,'2015-05-21 00:58:43',NULL,'1'),(62,NULL,NULL,'2015-05-21 01:00:22',NULL,'1'),(63,NULL,NULL,'2015-05-21 01:07:22',NULL,'1'),(64,NULL,NULL,'2015-05-21 01:12:34',NULL,'1'),(65,NULL,NULL,'2015-05-21 01:13:42',NULL,'1'),(66,NULL,NULL,'2015-05-21 01:16:12',NULL,'1'),(67,NULL,NULL,'2015-05-21 01:18:14',NULL,'1'),(68,'sdadsa',NULL,'2015-05-21 01:18:47','dsadas','1'),(69,'aaaaaaaaaaaaaaa',NULL,'2015-05-21 01:21:32','aaaaaabbbbbbbbbbb','1'),(70,'fdsafdds','License.txt','2015-05-21 02:02:25','fafsa','1'),(71,'fsdfds','D:\\xdworkspace\\ccoa\\WebRoot\\upload\\20150521\\README.txt','2015-05-21 02:03:57','fsd','1'),(72,'sadds','D:\\xdworkspace\\ccoa\\WebRoot\\upload\\20150521\\test.txt','2015-05-21 02:29:50','sad','1'),(76,'fdsaf','D:/xdworkspace/ccoa/WebRoot/upload/20150521/','2015-05-21 03:06:28','fsda','1'),(77,'fsda','D:/xdworkspace/ccoa/WebRoot/upload/20150521/','2015-05-21 03:07:07','fsd','1'),(78,'fsdafds11','/upload/20150521/','2015-05-21 03:12:20','sda','1'),(79,'fsda','/upload/20150521/è®¯å¾—å½©åˆ©_æ‰˜ç®¡åˆåŒ.doc','2015-05-21 03:13:30','sdasda','1'),(80,'sadasdsad','/upload/20150521/è®¯å¾—å½©åˆ©_è®¡ç®—æœºè®¾å¤‡ç®¡ç†åˆ¶åº¦.doc','2015-05-21 03:14:25','sdaasd','1'),(81,'sda','/upload/20150521/autorun.inf','2015-05-21 03:15:13','dsass','1');

/*Table structure for table `t` */

DROP TABLE IF EXISTS `t`;

CREATE TABLE `t` (
  `b` bit(8) DEFAULT NULL
) ENGINE=InnoDB DEFAULT CHARSET=utf8;

/*Data for the table `t` */

insert  into `t`(`b`) values ('ÿ');

/*!40101 SET SQL_MODE=@OLD_SQL_MODE */;
/*!40014 SET FOREIGN_KEY_CHECKS=@OLD_FOREIGN_KEY_CHECKS */;
/*!40014 SET UNIQUE_CHECKS=@OLD_UNIQUE_CHECKS */;
/*!40111 SET SQL_NOTES=@OLD_SQL_NOTES */;
